{
  "indexes": [
    {
      "collectionGroup": "ads",
      "queryScope": "COLLECTION",
      "fields": [
        {
          "fieldPath": "info.advertiser.uid",
          "order": "ASCENDING"
        },
        {
          "fieldPath": "info.created",
          "order": "DESCENDING"
        }
      ]
    },
    {
      "collectionGroup": "ads",
      "queryScope": "COLLECTION",
      "fields": [
        {
          "fieldPath": "info.region",
          "order": "ASCENDING"
        },
        {
          "fieldPath": "info.created",
          "order": "DESCENDING"
        }
      ]
    },
    {
      "collectionGroup": "ads",
      "queryScope": "COLLECTION",
      "fields": [
        {
          "fieldPath": "keywords",
          "arrayConfig": "CONTAINS"
        },
        {
          "fieldPath": "info.created",
          "order": "DESCENDING"
        }
      ]
    },
    {
      "collectionGroup": "ads",
      "queryScope": "COLLECTION",
      "fields": [
        {
          "fieldPath": "public",
          "order": "ASCENDING"
        },
        {
          "fieldPath": "created",
          "order": "DESCENDING"
        }
      ]
    },
    {
      "collectionGroup": "ads",
      "queryScope": "COLLECTION",
      "fields": [
        {
          "fieldPath": "public",
          "order": "ASCENDING"
        },
        {
          "fieldPath": "time",
          "order": "DESCENDING"
        }
      ]
    },
    {
      "collectionGroup": "ads",
      "queryScope": "COLLECTION",
      "fields": [
        {
          "fieldPath": "uid",
          "order": "ASCENDING"
        },
        {
          "fieldPath": "created",
          "order": "DESCENDING"
        }
      ]
    },
    {
      "collectionGroup": "ads",
      "queryScope": "COLLECTION",
      "fields": [
        {
          "fieldPath": "uid",
          "order": "ASCENDING"
        },
        {
          "fieldPath": "time",
          "order": "DESCENDING"
        }
      ]
    },
    {
      "collectionGroup": "ads",
      "queryScope": "COLLECTION",
      "fields": [
        {
          "fieldPath": "uid",
          "order": "ASCENDING"
        },
        {
          "fieldPath": "updated",
          "order": "DESCENDING"
        }
      ]
    },
    {
      "collectionGroup": "chats",
      "queryScope": "COLLECTION",
      "fields": [
        {
          "fieldPath": "vid",
          "order": "ASCENDING"
        },
        {
          "fieldPath": "created",
          "order": "ASCENDING"
        }
      ]
    },
    {
      "collectionGroup": "messages",
      "queryScope": "COLLECTION",
      "fields": [
        {
          "fieldPath": "id",
          "order": "ASCENDING"
        },
        {
          "fieldPath": "time",
          "order": "ASCENDING"
        }
      ]
    },
    {
      "collectionGroup": "users",
      "queryScope": "COLLECTION",
      "fields": [
        {
          "fieldPath": "isAdmin",
          "order": "ASCENDING"
        },
        {
          "fieldPath": "time",
          "order": "DESCENDING"
        }
      ]
    }
  ],
  "fieldOverrides": []
}
